userId,genre,view_count
1,Action,46
1,Drama,45
1,Thriller,43
1,Adventure,31
1,Comedy,31
2,Thriller,12
2,Comedy,11
2,Drama,11
2,Adventure,10
2,Action,9
3,Drama,36
3,Comedy,35
3,Romance,22
3,Thriller,21
3,Action,13
4,Drama,76
4,Comedy,46
4,Romance,37
4,Crime,18
4,Thriller,18
5,Comedy,45
5,Adventure,22
5,Animation,21
5,Children,21
5,Romance,21
6,Drama,31
6,Comedy,28
6,Romance,15
6,Adventure,14
6,Thriller,13
7,Action,95
7,Thriller,71
7,Sci-Fi,63
7,Adventure,53
7,Comedy,46
8,Drama,30
8,Comedy,24
8,Romance,17
8,Thriller,16
8,Adventure,12
9,Comedy,53
9,Drama,49
9,Thriller,45
9,Action,39
9,Romance,24
10,Drama,11
10,Comedy,10
10,Romance,8
10,Action,4
10,Musical,3
11,Comedy,36
11,Adventure,32
11,Drama,32
11,Action,29
11,Thriller,27
12,Drama,10
12,Comedy,8
12,Romance,6
12,Action,4
12,Fantasy,4
13,Thriller,15
13,Drama,11
13,Comedy,10
13,Action,8
13,Adventure,7
14,Comedy,12
14,Thriller,8
14,Adventure,7
14,Action,6
14,Drama,6
15,Drama,37
15,Comedy,26
15,Horror,21
15,Thriller,20
15,Adventure,16
16,Action,36
16,Thriller,36
16,Comedy,25
16,Drama,23
16,Sci-Fi,22
17,Comedy,63
17,Action,61
17,Adventure,58
17,Drama,49
17,Sci-Fi,41
18,Thriller,47
18,Action,37
18,Drama,32
18,Comedy,28
18,Crime,24
19,Drama,74
19,Action,29
19,Adventure,24
19,Thriller,20
19,Comedy,18
20,Drama,39
20,Romance,19
20,Comedy,16
20,Action,11
20,Children,9
21,Adventure,49
21,Action,43
21,Drama,40
21,Sci-Fi,37
21,Fantasy,34
22,Comedy,100
22,Drama,77
22,Action,55
22,Adventure,51
22,Thriller,42
23,Drama,38
23,Thriller,22
23,Action,20
23,Comedy,16
23,Crime,14
24,Drama,152
24,Thriller,98
24,Action,78
24,Crime,69
24,Adventure,55
25,Comedy,144
25,Romance,44
25,Drama,27
25,Action,18
25,Adventure,18
26,Comedy,11
26,Drama,8
26,Adventure,7
26,Action,6
26,Romance,5
27,Comedy,32
27,Drama,14
27,Romance,11
27,Fantasy,9
27,Adventure,7
28,Drama,58
28,Action,48
28,Comedy,47
28,Thriller,37
28,Adventure,36
29,Action,106
29,Thriller,87
29,Drama,82
29,Comedy,77
29,Adventure,61
30,Adventure,48
30,Action,45
30,Comedy,33
30,Drama,30
30,Sci-Fi,24
31,Drama,27
31,Comedy,14
31,Crime,14
31,Thriller,14
31,Action,13
32,Drama,132
32,Comedy,101
32,Romance,61
32,Adventure,59
32,Action,49
33,Drama,65
33,Comedy,35
33,Romance,25
33,Crime,18
33,Thriller,12
34,Comedy,13
34,Drama,9
34,Adventure,7
34,Action,6
34,Sci-Fi,5
35,Thriller,16
35,Action,13
35,Comedy,13
35,Adventure,10
35,Crime,7
36,Drama,17
36,Thriller,13
36,Comedy,11
36,Action,10
36,Adventure,9
37,Drama,25
37,Comedy,24
37,Crime,16
37,Romance,14
37,Mystery,10
38,Adventure,150
38,Comedy,145
38,Children,121
38,Action,114
38,Drama,103
39,Action,12
39,Adventure,12
39,Drama,11
39,Sci-Fi,9
39,Thriller,8
40,Thriller,14
40,Action,10
40,Comedy,10
40,Drama,10
40,Mystery,7
41,Comedy,62
41,Drama,50
41,Romance,32
41,Children,17
41,Thriller,17
42,Comedy,35
42,Romance,27
42,Drama,25
42,Adventure,13
42,Action,9
43,Comedy,10
43,Drama,10
43,Adventure,8
43,Action,6
43,Romance,6
44,Drama,88
44,Comedy,68
44,Action,57
44,Thriller,54
44,Adventure,46
45,Comedy,34
45,Drama,26
45,Adventure,21
45,Animation,16
45,Children,13
46,Drama,35
46,Comedy,22
46,Thriller,16
46,Horror,14
46,Action,13
47,Drama,61
47,Crime,25
47,Comedy,22
47,Thriller,18
47,Children,11
48,Comedy,10
48,Action,9
48,Adventure,7
48,Sci-Fi,6
48,Drama,5
49,Crime,22
49,Action,14
49,Thriller,14
49,Comedy,9
49,Drama,8
50,Drama,72
50,Comedy,45
50,Crime,27
50,Romance,25
50,Thriller,25
51,Adventure,10
51,Action,9
51,Thriller,9
51,Drama,8
51,Comedy,5
52,Comedy,31
52,Animation,22
52,Drama,22
52,Adventure,20
52,Children,18
53,Action,14
53,Comedy,13
53,Drama,10
53,Crime,9
53,Thriller,8
54,Action,87
54,Comedy,87
54,Adventure,85
54,Drama,77
54,Thriller,62
55,Comedy,12
55,Drama,11
55,Action,6
55,Crime,6
55,Thriller,6
56,Drama,17
56,Comedy,9
56,Thriller,8
56,Crime,7
56,Adventure,6
57,Drama,59
57,Comedy,34
57,Thriller,31
57,Crime,29
57,Action,20
58,Drama,8
58,Action,7
58,Comedy,7
58,Romance,6
58,Thriller,6
59,Sci-Fi,22
59,Drama,16
59,Action,15
59,Comedy,15
59,Thriller,12
60,Comedy,108
60,Drama,82
60,Action,45
60,Thriller,43
60,Crime,42
61,Drama,98
61,Comedy,48
61,Crime,34
61,Thriller,33
61,Action,29
62,Drama,414
62,Comedy,408
62,Thriller,329
62,Action,294
62,Adventure,190
63,Drama,502
63,Action,453
63,Thriller,430
63,Comedy,397
63,Crime,264
64,Comedy,22
64,Action,19
64,Thriller,18
64,Drama,16
64,Adventure,15
65,Drama,23
65,Thriller,22
65,Action,16
65,Comedy,14
65,Crime,12
66,Comedy,216
66,Drama,158
66,Romance,89
66,Adventure,46
66,Thriller,46
67,Comedy,17
67,Drama,13
67,Sci-Fi,5
67,Action,4
67,Thriller,4
68,Drama,23
68,Romance,12
68,Comedy,5
68,Crime,3
68,Thriller,2
69,Drama,166
69,Action,152
69,Comedy,120
69,Thriller,99
69,Crime,91
70,Drama,16
70,Adventure,13
70,Action,12
70,Comedy,10
70,Sci-Fi,10
71,Drama,77
71,Thriller,74
71,Comedy,56
71,Action,51
71,Crime,42
72,Thriller,66
72,Action,56
72,Drama,53
72,Comedy,50
72,Adventure,32
73,Drama,14
73,Thriller,10
73,Comedy,5
73,Crime,5
73,Romance,5
74,Action,20
74,Comedy,20
74,Drama,19
74,Thriller,19
74,Adventure,18
75,Drama,23
75,Comedy,22
75,Adventure,19
75,Sci-Fi,18
75,Action,15
76,Drama,12
76,Action,11
76,Adventure,9
76,Fantasy,5
76,Romance,5
77,Drama,42
77,Comedy,30
77,Sci-Fi,20
77,Romance,18
77,Action,16
78,Action,27
78,Adventure,20
78,Sci-Fi,18
78,IMAX,16
78,Comedy,13
79,Drama,51
79,Action,34
79,Thriller,34
79,Comedy,31
79,Crime,29
80,Drama,17
80,Comedy,11
80,Crime,8
80,Romance,7
80,Thriller,7
81,Animation,18
81,Children,14
81,Adventure,10
81,Comedy,10
81,Fantasy,7
82,Drama,12
82,Comedy,10
82,Romance,9
82,Crime,5
82,Thriller,4
83,Comedy,72
83,Action,67
83,Adventure,61
83,Sci-Fi,40
83,Drama,36
84,Drama,24
84,Comedy,22
84,Romance,18
84,Adventure,15
84,IMAX,13
85,Drama,34
85,Action,15
85,Crime,15
85,Thriller,15
85,Adventure,12
86,Drama,28
86,Comedy,23
86,Action,17
86,Crime,17
86,Adventure,16
87,Drama,149
87,Action,83
87,Thriller,81
87,Comedy,78
87,Adventure,66
88,Comedy,330
88,Drama,271
88,Action,231
88,Thriller,178
88,Adventure,164
89,Comedy,89
89,Drama,76
89,Action,65
89,Adventure,64
89,Thriller,58
90,Drama,8
90,Thriller,8
90,Action,7
90,Comedy,7
90,Crime,3
91,Drama,28
91,Comedy,9
91,Action,8
91,Romance,7
91,Adventure,6
92,Comedy,18
92,Drama,17
92,Thriller,14
92,Romance,12
92,Action,10
93,Drama,22
93,Comedy,16
93,Romance,12
93,Thriller,7
93,Adventure,6
94,Thriller,23
94,Horror,21
94,Drama,18
94,Mystery,12
94,Comedy,8
95,Action,19
95,Adventure,14
95,Thriller,13
95,Comedy,11
95,Sci-Fi,9
96,Comedy,22
96,Drama,16
96,Thriller,16
96,Action,15
96,Adventure,13
97,Adventure,70
97,Action,56
97,Sci-Fi,49
97,Animation,41
97,Children,38
98,Thriller,13
98,Mystery,9
98,Drama,7
98,Horror,7
98,Comedy,6
99,Drama,11
99,Action,8
99,Adventure,6
99,Comedy,6
99,Crime,3
100,Drama,28
100,Adventure,24
100,Comedy,23
100,Children,21
100,Animation,17
101,Comedy,31
101,Drama,29
101,Action,27
101,Crime,24
101,Thriller,20
102,Drama,70
102,Comedy,45
102,Thriller,37
102,Action,27
102,Crime,27
103,Drama,21
103,Comedy,18
103,Romance,12
103,Adventure,9
103,Action,7
104,Comedy,42
104,Drama,37
104,Thriller,35
104,Action,33
104,Romance,23
105,Drama,50
105,Romance,39
105,Action,37
105,Comedy,35
105,Adventure,30
106,Action,34
106,Adventure,25
106,Drama,21
106,Sci-Fi,16
106,Comedy,15
107,Drama,207
107,Comedy,149
107,Thriller,133
107,Action,119
107,Crime,86
108,Comedy,58
108,Adventure,34
108,Action,32
108,Thriller,25
108,Drama,23
109,Comedy,331
109,Drama,313
109,Action,262
109,Adventure,194
109,Thriller,191
110,Comedy,118
110,Drama,104
110,Action,72
110,Adventure,58
110,Thriller,56
111,Drama,18
111,Comedy,15
111,Action,14
111,Thriller,13
111,Romance,11
112,Drama,36
112,Comedy,25
112,Sci-Fi,23
112,Romance,15
112,Adventure,11
113,Comedy,237
113,Drama,170
113,Action,125
113,Adventure,103
113,Romance,101
114,Action,74
114,Sci-Fi,70
114,Adventure,65
114,Comedy,54
114,Drama,48
115,Drama,28
115,Action,16
115,Comedy,13
115,Adventure,12
115,Crime,12
116,Thriller,15
116,Drama,10
116,Crime,9
116,Comedy,8
116,Action,7
117,Thriller,14
117,Adventure,12
117,Action,11
117,Comedy,11
117,Drama,10
118,Drama,133
118,Action,130
118,Comedy,130
118,Romance,95
118,Thriller,84
119,Drama,35
119,Thriller,28
119,Action,26
119,Crime,19
119,Romance,12
120,Comedy,23
120,Musical,21
120,Drama,19
120,Romance,17
120,Children,16
121,Comedy,45
121,Drama,34
121,Romance,24
121,Adventure,7
121,Sci-Fi,6
122,Thriller,146
122,Action,138
122,Drama,97
122,Adventure,95
122,Comedy,86
123,Comedy,147
123,Romance,90
123,Drama,62
123,Adventure,14
123,Children,14
124,Drama,79
124,Comedy,42
124,Romance,36
124,Thriller,27
124,Action,22
125,Comedy,10
125,Drama,9
125,Action,3
125,Adventure,3
125,Crime,3
126,Action,17
126,Comedy,17
126,Adventure,16
126,Drama,16
126,Thriller,15
127,Adventure,36
127,Animation,27
127,Children,21
127,Fantasy,18
127,Action,16
128,Thriller,514
128,Comedy,471
128,Action,463
128,Drama,413
128,Crime,305
129,Thriller,15
129,Drama,11
129,Crime,9
129,Action,8
129,Comedy,8
130,Drama,215
130,Action,176
130,Thriller,163
130,Comedy,162
130,Sci-Fi,154
131,Drama,19
131,Romance,8
131,Comedy,5
131,Thriller,4
131,Action,2
132,Drama,25
132,Thriller,12
132,Comedy,11
132,Crime,11
132,Romance,11
133,Drama,39
133,Comedy,25
133,Adventure,21
133,Action,15
133,Children,12
134,Thriller,29
134,Drama,28
134,Action,25
134,Comedy,20
134,Adventure,17
135,Drama,36
135,Thriller,20
135,Crime,17
135,Romance,17
135,Comedy,14
136,Sci-Fi,14
136,Drama,13
136,Thriller,13
136,Comedy,12
136,Fantasy,11
137,Drama,155
137,Comedy,147
137,Adventure,65
137,Action,61
137,Romance,58
138,Comedy,27
138,Drama,26
138,Children,16
138,Romance,16
138,Adventure,13
139,Drama,90
139,Comedy,53
139,Romance,47
139,Thriller,27
139,Adventure,21
140,Drama,108
140,Comedy,59
140,Thriller,54
140,Action,44
140,Romance,44
141,Adventure,22
141,Action,18
141,Drama,18
141,Comedy,14
141,Sci-Fi,12
142,Comedy,16
142,Romance,12
142,Drama,9
142,Children,4
142,Fantasy,4
143,Action,29
143,Drama,23
143,Comedy,22
143,Thriller,22
143,Adventure,18
144,Drama,35
144,Comedy,25
144,Romance,25
144,Fantasy,24
144,Animation,22
145,Drama,43
145,Crime,19
145,Comedy,16
145,Romance,13
145,Action,12
146,Drama,52
146,Comedy,36
146,Romance,30
146,Adventure,18
146,Action,17
147,Drama,93
147,Thriller,65
147,Comedy,64
147,Action,47
147,Crime,43
148,Drama,33
148,Action,29
148,Comedy,29
148,Thriller,28
148,Romance,18
149,Drama,56
149,Comedy,50
149,Thriller,46
149,Action,43
149,Crime,32
150,Drama,103
150,Comedy,91
150,Romance,82
150,Thriller,39
150,Action,37
151,Comedy,20
151,Thriller,17
151,Action,14
151,Drama,14
151,Adventure,13
152,Action,23
152,Adventure,16
152,Thriller,12
152,Sci-Fi,10
152,Drama,7
153,Drama,18
153,Thriller,18
153,Action,15
153,Adventure,13
153,Comedy,12
154,Drama,20
154,Thriller,16
154,Romance,11
154,Comedy,9
154,Mystery,9
155,Drama,22
155,Comedy,21
155,Romance,12
155,Action,6
155,Crime,6
156,Comedy,159
156,Drama,125
156,Children,81
156,Adventure,80
156,Action,74
157,Action,97
157,Sci-Fi,70
157,Thriller,55
157,Adventure,54
157,Drama,35
158,Action,149
158,Thriller,109
158,Drama,104
158,Adventure,74
158,Crime,67
159,Adventure,27
159,Action,22
159,Comedy,17
159,Drama,14
159,Fantasy,12
160,Drama,489
160,Romance,198
160,Thriller,190
160,Action,176
160,Comedy,162
161,Action,117
161,Thriller,105
161,Drama,82
161,Adventure,76
161,Sci-Fi,66
162,Drama,17
162,Thriller,15
162,Action,10
162,Adventure,8
162,Comedy,8
163,Drama,58
163,Thriller,49
163,Action,37
163,Crime,22
163,Horror,22
164,Action,430
164,Drama,346
164,Thriller,332
164,Comedy,312
164,Crime,233
165,Adventure,13
165,Comedy,13
165,Action,10
165,Thriller,9
165,Children,7
166,Action,54
166,Drama,54
166,Thriller,50
166,Crime,40
166,Comedy,35
167,Drama,103
167,Action,44
167,Thriller,40
167,Comedy,37
167,Romance,33
168,Comedy,64
168,Drama,61
168,Action,60
168,Adventure,49
168,Thriller,48
169,Drama,53
169,Action,50
169,Thriller,40
169,Comedy,36
169,Adventure,33
170,Drama,32
170,Comedy,20
170,Thriller,15
170,Action,13
170,Sci-Fi,13
171,Comedy,24
171,Drama,13
171,Adventure,12
171,Action,10
171,Children,9
172,Drama,13
172,Comedy,9
172,Romance,5
172,Mystery,4
172,Thriller,4
173,Drama,24
173,Thriller,18
173,Comedy,14
173,Horror,12
173,Action,9
174,Drama,64
174,Comedy,62
174,Thriller,50
174,Adventure,43
174,Action,41
175,Sci-Fi,24
175,Drama,21
175,Adventure,20
175,Action,17
175,Thriller,17
176,Adventure,60
176,Action,50
176,Comedy,32
176,Sci-Fi,28
176,Fantasy,23
177,Comedy,301
177,Drama,293
177,Action,280
177,Thriller,237
177,Crime,159
178,Thriller,17
178,Action,15
178,Drama,13
178,Adventure,11
178,Comedy,7
179,Drama,300
179,Comedy,234
179,Romance,137
179,Thriller,97
179,Adventure,78
180,Drama,72
180,Comedy,69
180,Adventure,53
180,Action,40
180,Fantasy,30
181,Action,13
181,Adventure,13
181,Thriller,13
181,Comedy,11
181,Crime,7
182,Drama,27
182,Comedy,22
182,Romance,15
182,Thriller,13
182,Crime,12
183,Drama,66
183,Comedy,65
183,Adventure,62
183,Action,59
183,Romance,43
184,Drama,11
184,Action,8
184,Comedy,7
184,Crime,7
184,Thriller,7
185,Action,25
185,Comedy,13
185,Thriller,13
185,Adventure,12
185,Sci-Fi,8
186,Action,15
186,Drama,12
186,Thriller,12
186,Adventure,10
186,Comedy,8
187,Comedy,55
187,Drama,33
187,Romance,25
187,Action,24
187,Adventure,23
188,Drama,128
188,Comedy,119
188,Thriller,73
188,Action,62
188,Romance,61
189,Drama,165
189,Thriller,82
189,Crime,68
189,Mystery,45
189,Action,37
190,Thriller,28
190,Action,19
190,Comedy,19
190,Drama,15
190,Crime,13
191,Comedy,12
191,Drama,9
191,Action,6
191,Romance,5
191,Crime,4
192,Drama,406
192,Comedy,291
192,Romance,180
192,Thriller,151
192,Action,126
193,Sci-Fi,64
193,Action,45
193,Adventure,42
193,Comedy,37
193,Musical,30
194,Drama,234
194,Comedy,163
194,Thriller,155
194,Romance,149
194,Action,127
195,Drama,63
195,Thriller,44
195,Action,38
195,Adventure,37
195,Comedy,37
196,Drama,48
196,Comedy,46
196,Action,45
196,Adventure,38
196,Thriller,38
197,Comedy,15
197,Action,13
197,Drama,10
197,Adventure,9
197,Thriller,9
198,Drama,150
198,Comedy,108
198,Romance,61
198,Thriller,61
198,Crime,45
199,Sci-Fi,148
199,Action,65
199,Adventure,58
199,Thriller,52
199,Horror,37
200,Thriller,12
200,Drama,10
200,Crime,8
200,Action,6
200,Comedy,5
201,Comedy,80
201,Drama,59
201,Romance,50
201,Thriller,37
201,Action,33
202,Drama,22
202,Comedy,19
202,Thriller,18
202,Crime,12
202,Action,10
203,Drama,117
203,Action,92
203,Comedy,85
203,Romance,71
203,Thriller,68
204,Drama,25
204,Thriller,11
204,Crime,10
204,Comedy,7
204,Action,6
205,Comedy,30
205,Drama,28
205,Thriller,24
205,Action,16
205,Romance,15
206,Drama,57
206,Comedy,26
206,Action,21
206,Thriller,21
206,Adventure,19
207,Drama,63
207,Comedy,39
207,Crime,28
207,Thriller,25
207,Action,21
208,Thriller,13
208,Action,12
208,Drama,11
208,Comedy,10
208,Adventure,9
209,Drama,58
209,Comedy,45
209,Romance,45
209,Adventure,24
209,Children,23
210,Drama,59
210,Comedy,53
210,Adventure,39
210,Fantasy,35
210,Thriller,31
211,Drama,105
211,Romance,43
211,Comedy,34
211,Musical,28
211,Adventure,16
212,Drama,22
212,Romance,10
212,Comedy,5
212,Action,4
212,Crime,3
213,Drama,323
213,Comedy,200
213,Thriller,149
213,Action,125
213,Adventure,120
214,Comedy,9
214,Children,6
214,Drama,6
214,Action,5
214,Fantasy,5
215,Action,29
215,Adventure,29
215,Sci-Fi,22
215,IMAX,10
215,Drama,8
216,Drama,9
216,Horror,8
216,Comedy,7
216,Thriller,6
216,Romance,5
217,Drama,18
217,Crime,7
217,Mystery,5
217,Action,4
217,Comedy,4
218,Drama,164
218,Comedy,140
218,Action,116
218,Adventure,111
218,Thriller,87
219,Action,47
219,Comedy,46
219,Drama,39
219,Thriller,36
219,Adventure,24
220,Comedy,353
220,Drama,329
220,Action,226
220,Thriller,192
220,Adventure,182
221,Thriller,19
221,Crime,14
221,Action,12
221,Drama,11
221,Comedy,7
222,Romance,37
222,Drama,29
222,Comedy,21
222,Thriller,13
222,Mystery,8
223,Drama,47
223,Crime,9
223,Romance,9
223,Thriller,9
223,Comedy,8
224,Drama,480
224,Action,426
224,Comedy,412
224,Thriller,364
224,Adventure,306
225,Drama,15
225,Comedy,8
225,Romance,8
225,Thriller,7
225,Crime,5
226,Comedy,23
226,Drama,17
226,Adventure,15
226,Romance,14
226,Action,12
227,Drama,18
227,Comedy,10
227,Crime,8
227,Thriller,5
227,Action,4
228,Action,278
228,Drama,236
228,Thriller,233
228,Comedy,224
228,Adventure,160
229,Drama,26
229,Thriller,20
229,Action,18
229,Crime,15
229,Adventure,11
230,Drama,43
230,Thriller,23
230,Crime,21
230,Action,19
230,Adventure,18
231,Comedy,14
231,Drama,11
231,Adventure,6
231,Action,5
231,Sci-Fi,5
232,Comedy,607
232,Thriller,501
232,Drama,455
232,Action,411
232,Adventure,288
233,Thriller,22
233,Drama,21
233,Action,18
233,Comedy,15
233,Crime,13
234,Drama,44
234,Comedy,42
234,Action,32
234,Adventure,28
234,Thriller,23
235,Drama,220
235,Comedy,207
235,Romance,140
235,Thriller,138
235,Action,105
236,Drama,97
236,Thriller,67
236,Comedy,62
236,Action,60
236,Adventure,46
237,Action,9
237,Comedy,9
237,Thriller,9
237,Drama,6
237,Horror,4
238,Drama,129
238,Comedy,53
238,Romance,51
238,Action,32
238,Thriller,30
239,Action,27
239,Comedy,26
239,Drama,25
239,Adventure,21
239,Thriller,21
240,Comedy,14
240,Action,13
240,Adventure,9
240,Sci-Fi,9
240,Thriller,9
241,Drama,96
241,Thriller,80
241,Action,68
241,Crime,58
241,Comedy,41
242,Drama,123
242,Comedy,109
242,Thriller,68
242,Action,61
242,Adventure,54
243,Action,12
243,Adventure,10
243,Comedy,9
243,Thriller,8
243,Crime,7
244,Comedy,300
244,Drama,277
244,Romance,209
244,Thriller,91
244,Action,89
245,Drama,53
245,Comedy,43
245,Romance,29
245,Thriller,29
245,Crime,15
246,Thriller,17
246,Comedy,16
246,Drama,13
246,Action,12
246,Crime,9
247,Comedy,48
247,Drama,47
247,Adventure,37
247,Romance,35
247,Sci-Fi,30
248,Drama,18
248,Action,17
248,Comedy,13
248,Adventure,10
248,Sci-Fi,9
249,Comedy,17
249,Drama,8
249,Fantasy,4
249,Romance,4
249,Sci-Fi,4
250,Comedy,119
250,Drama,91
250,Adventure,84
250,Action,78
250,Fantasy,74
251,Comedy,10
251,Drama,10
251,Adventure,8
251,Sci-Fi,6
251,Action,5
252,Musical,32
252,Drama,25
252,Children,23
252,Horror,20
252,Romance,20
253,Drama,72
253,Action,42
253,Crime,42
253,Thriller,39
253,Comedy,33
254,Drama,30
254,Action,16
254,Comedy,15
254,Romance,14
254,Sci-Fi,12
255,Comedy,262
255,Drama,255
255,Action,144
255,Adventure,144
255,Romance,109
256,Action,16
256,Thriller,10
256,Adventure,7
256,Crime,7
256,Drama,7
257,Comedy,9
257,Drama,9
257,Action,8
257,Romance,7
257,Adventure,4
258,Action,13
258,Comedy,13
258,Thriller,13
258,Crime,12
258,Adventure,11
259,Drama,27
259,Thriller,19
259,Action,13
259,Comedy,13
259,Romance,13
260,Drama,33
260,Romance,22
260,Comedy,21
260,Thriller,18
260,Action,17
261,Drama,97
261,Crime,55
261,Thriller,39
261,Action,37
261,Comedy,35
262,Comedy,20
262,Adventure,17
262,Drama,17
262,Action,16
262,Thriller,16
263,Drama,25
263,Comedy,21
263,Action,19
263,Thriller,17
263,Crime,12
264,Thriller,21
264,Action,20
264,Drama,18
264,Adventure,15
264,Comedy,12
265,Action,19
265,Adventure,10
265,Thriller,9
265,Drama,8
265,Sci-Fi,8
266,Thriller,19
266,Action,17
266,Drama,17
266,Adventure,13
266,Comedy,11
267,Drama,53
267,Comedy,31
267,Thriller,23
267,Crime,20
267,Action,15
268,Drama,195
268,Romance,67
268,Comedy,66
268,Crime,61
268,Thriller,57
269,Action,55
269,Thriller,54
269,Drama,34
269,Crime,33
269,Adventure,29
270,Drama,24
270,Crime,18
270,Thriller,16
270,Action,11
270,Comedy,10
271,Comedy,16
271,Thriller,16
271,Action,13
271,Drama,13
271,Adventure,12
272,Adventure,17
272,Comedy,16
272,Children,13
272,Action,10
272,Romance,9
273,Thriller,71
273,Action,66
273,Drama,64
273,Crime,41
273,Adventure,32
274,Action,94
274,Thriller,60
274,Adventure,43
274,Sci-Fi,31
274,Crime,29
275,Comedy,180
275,Drama,172
275,Romance,137
275,Thriller,70
275,Crime,54
276,Thriller,25
276,Drama,21
276,Comedy,20
276,Action,18
276,Sci-Fi,15
277,Action,87
277,Drama,87
277,Thriller,52
277,Adventure,48
277,Sci-Fi,38
278,Action,68
278,Adventure,58
278,Comedy,56
278,Sci-Fi,47
278,Drama,40
279,Drama,12
279,Comedy,9
279,Romance,6
279,Thriller,4
279,Adventure,3
280,Comedy,21
280,Drama,19
280,Action,16
280,Thriller,11
280,Sci-Fi,10
281,Action,45
281,Adventure,20
281,Thriller,20
281,Drama,18
281,Sci-Fi,15
282,Drama,55
282,Comedy,44
282,Adventure,28
282,Romance,26
282,Children,20
283,Drama,99
283,Action,69
283,Comedy,67
283,Thriller,66
283,Adventure,45
284,Thriller,13
284,Drama,11
284,Adventure,8
284,Action,7
284,Comedy,7
285,Drama,22
285,Thriller,20
285,Action,15
285,Adventure,10
285,Comedy,10
286,Horror,28
286,Thriller,26
286,Action,24
286,Adventure,20
286,Drama,17
287,Action,17
287,Comedy,14
287,Thriller,14
287,Adventure,13
287,Drama,10
288,Comedy,12
288,Action,8
288,Romance,8
288,Adventure,5
288,Drama,5
289,Action,28
289,Adventure,27
289,Drama,25
289,Sci-Fi,21
289,Thriller,20
290,Action,34
290,Comedy,28
290,Drama,27
290,Thriller,26
290,Adventure,23
291,Comedy,25
291,Drama,19
291,Thriller,15
291,Action,12
291,Horror,12
292,Action,19
292,Drama,19
292,Comedy,18
292,Thriller,17
292,Adventure,14
293,Drama,12
293,Romance,10
293,Comedy,9
293,Adventure,4
293,Thriller,4
294,Drama,57
294,Comedy,41
294,Action,36
294,Romance,31
294,Thriller,26
295,Drama,12
295,Thriller,12
295,Action,11
295,Adventure,9
295,Crime,8
296,Action,135
296,Drama,105
296,Adventure,95
296,Thriller,94
296,Comedy,88
297,Comedy,16
297,Drama,9
297,Sci-Fi,5
297,Adventure,4
297,Action,3
298,Drama,21
298,Comedy,11
298,Thriller,9
298,Mystery,7
298,Crime,6
299,Comedy,112
299,Action,87
299,Drama,80
299,Thriller,64
299,Adventure,59
300,Comedy,54
300,Action,41
300,Adventure,30
300,Sci-Fi,23
300,Drama,21
301,Drama,24
301,Action,21
301,Adventure,19
301,Comedy,13
301,Fantasy,11
302,Drama,13
302,Comedy,10
302,Thriller,10
302,Crime,7
302,Action,6
303,Drama,270
303,Comedy,168
303,Thriller,114
303,Romance,106
303,Crime,83
304,Drama,28
304,Comedy,15
304,Crime,13
304,Thriller,11
304,Action,10
305,Sci-Fi,41
305,Drama,18
305,Action,16
305,Adventure,14
305,Thriller,11
306,Comedy,29
306,Adventure,25
306,Animation,23
306,Action,22
306,Children,19
307,Drama,14
307,Thriller,10
307,Crime,9
307,Action,5
307,Comedy,4
308,Action,134
308,Thriller,110
308,Drama,95
308,Adventure,73
308,Comedy,67
309,Action,119
309,Thriller,82
309,Drama,73
309,Sci-Fi,70
309,Adventure,69
310,Drama,720
310,Comedy,464
310,Thriller,350
310,Action,309
310,Romance,261
311,Comedy,35
311,Drama,26
311,Thriller,26
311,Action,19
311,Adventure,16
312,Drama,21
312,Comedy,19
312,Adventure,13
312,Action,12
312,Romance,10
313,Comedy,12
313,Romance,7
313,Action,6
313,Adventure,5
313,Sci-Fi,5
314,Action,70
314,Adventure,50
314,Sci-Fi,43
314,Drama,37
314,Thriller,30
315,Drama,146
315,Adventure,132
315,Action,117
315,Sci-Fi,87
315,Thriller,80
316,Drama,16
316,Comedy,12
316,Crime,10
316,Thriller,8
316,Romance,7
317,Drama,15
317,Action,10
317,Thriller,10
317,Comedy,9
317,Adventure,5
318,Drama,23
318,Thriller,17
318,Comedy,13
318,Action,10
318,Romance,10
319,Thriller,53
319,Comedy,45
319,Action,42
319,Adventure,32
319,Crime,28
320,Action,24
320,Comedy,24
320,Thriller,22
320,Drama,15
320,Crime,12
321,Drama,22
321,Thriller,13
321,Romance,12
321,Action,11
321,Comedy,11
322,Drama,71
322,Comedy,34
322,Romance,27
322,Adventure,19
322,Crime,19
323,Drama,15
323,Comedy,7
323,Crime,7
323,Romance,6
323,Adventure,5
324,Drama,14
324,Comedy,7
324,Thriller,7
324,Romance,6
324,Mystery,4
325,Comedy,42
325,Drama,38
325,Thriller,35
325,Action,30
325,Adventure,30
326,Drama,62
326,Action,40
326,Thriller,39
326,Comedy,36
326,Romance,33
327,Adventure,19
327,Comedy,17
327,Action,14
327,Drama,14
327,Sci-Fi,13
328,Comedy,93
328,Action,86
328,Drama,75
328,Adventure,72
328,Thriller,66
329,Comedy,28
329,Action,11
329,Crime,8
329,Romance,8
329,Thriller,8
330,Drama,160
330,Thriller,59
330,Romance,55
330,Comedy,52
330,Crime,52
331,Children,120
331,Comedy,120
331,Adventure,111
331,Drama,100
331,Fantasy,87
332,Drama,13
332,Comedy,12
332,Sci-Fi,12
332,Action,11
332,Thriller,11
333,Drama,18
333,Action,9
333,Adventure,9
333,Romance,9
333,Comedy,8
334,Comedy,20
334,Drama,18
334,Thriller,14
334,Action,13
334,Romance,12
335,Drama,54
335,Thriller,33
335,Crime,26
335,Romance,23
335,Comedy,21
336,Comedy,61
336,Adventure,46
336,Action,42
336,Drama,40
336,Fantasy,31
337,Drama,83
337,Action,67
337,Comedy,56
337,Adventure,53
337,Sci-Fi,47
338,Drama,45
338,Comedy,39
338,Thriller,20
338,Action,19
338,Adventure,18
339,Action,48
339,Adventure,43
339,Drama,36
339,Sci-Fi,36
339,Comedy,33
340,Thriller,11
340,Drama,9
340,Action,8
340,Adventure,8
340,Crime,5
341,Drama,47
341,Crime,15
341,Comedy,14
341,Romance,13
341,Thriller,11
342,Comedy,47
342,Drama,46
342,Romance,35
342,Action,13
342,Adventure,12
343,Action,56
343,Comedy,53
343,Adventure,47
343,Drama,42
343,Thriller,40
344,Comedy,57
344,Action,53
344,Thriller,35
344,Drama,27
344,Adventure,18
345,Drama,86
345,Romance,32
345,Comedy,29
345,Thriller,20
345,Mystery,16
346,Comedy,12
346,Drama,11
346,Children,7
346,Adventure,6
346,Action,5
347,Drama,105
347,Action,47
347,Thriller,40
347,Comedy,38
347,Adventure,35
348,Drama,83
348,Thriller,62
348,Action,61
348,Comedy,48
348,Crime,48
349,Action,29
349,Drama,29
349,Thriller,27
349,Comedy,19
349,Adventure,18
350,Adventure,16
350,Fantasy,13
350,Action,8
350,Children,8
350,Animation,7
351,Thriller,14
351,Drama,12
351,Action,8
351,Adventure,7
351,Crime,7
352,Drama,256
352,Comedy,134
352,Romance,101
352,Thriller,72
352,Action,65
353,Action,14
353,Comedy,13
353,Thriller,13
353,Adventure,11
353,Drama,11
354,Comedy,394
354,Drama,337
354,Adventure,202
354,Sci-Fi,185
354,Action,184
355,Adventure,10
355,Action,9
355,Thriller,8
355,Comedy,6
355,Crime,6
356,Drama,18
356,Thriller,14
356,Action,7
356,Comedy,7
356,Crime,7
357,Drama,43
357,Comedy,36
357,Thriller,22
357,Crime,17
357,Action,14
358,Action,118
358,Drama,114
358,Comedy,100
358,Thriller,99
358,Adventure,86
359,Drama,28
359,Comedy,20
359,Crime,10
359,Romance,8
359,Thriller,8
360,Drama,10
360,Comedy,9
360,Romance,9
360,Fantasy,8
360,Children,5
361,Comedy,21
361,Drama,15
361,Adventure,12
361,Romance,12
361,Action,11
362,Drama,47
362,Action,31
362,Thriller,28
362,Crime,25
362,Comedy,19
363,Horror,63
363,Thriller,36
363,Comedy,27
363,Drama,26
363,Musical,12
364,Comedy,38
364,Drama,23
364,Romance,15
364,Fantasy,11
364,Adventure,9
365,Comedy,102
365,Drama,77
365,Animation,69
365,Children,69
365,Adventure,67
366,Drama,47
366,Comedy,42
366,Adventure,31
366,Romance,28
366,Thriller,27
367,Drama,56
367,Romance,30
367,Thriller,27
367,Comedy,26
367,Action,19
368,Drama,15
368,Comedy,12
368,Thriller,8
368,Action,7
368,Sci-Fi,6
369,Drama,81
369,Comedy,75
369,Action,38
369,Romance,36
369,Adventure,30
370,Thriller,16
370,Action,15
370,Drama,13
370,Adventure,12
370,Comedy,12
371,Drama,43
371,Comedy,30
371,Romance,27
371,Thriller,23
371,Action,19
372,Comedy,44
372,Romance,19
372,Children,15
372,Drama,14
372,Adventure,11
373,Action,42
373,Comedy,31
373,Adventure,30
373,Sci-Fi,24
373,Crime,12
374,Drama,12
374,Action,11
374,Adventure,11
374,Sci-Fi,9
374,Thriller,8
375,Drama,57
375,War,35
375,Comedy,31
375,Action,22
375,Romance,22
376,Drama,273
376,Comedy,206
376,Romance,103
376,Adventure,88
376,Action,86
377,Comedy,15
377,Drama,13
377,Romance,8
377,Thriller,4
377,Children,3
378,Drama,26
378,Adventure,11
378,Romance,9
378,Action,8
378,Comedy,8
379,Action,9
379,Adventure,8
379,Comedy,8
379,Thriller,8
379,Drama,7
380,Comedy,84
380,Drama,58
380,Action,54
380,Adventure,52
380,Fantasy,39
381,Thriller,23
381,Action,21
381,Drama,14
381,Comedy,13
381,Crime,12
382,Drama,29
382,Romance,27
382,Comedy,25
382,Adventure,17
382,Action,16
383,Comedy,121
383,Adventure,88
383,Action,82
383,Drama,67
383,Sci-Fi,63
384,Drama,42
384,Comedy,31
384,Musical,22
384,Adventure,21
384,Children,17
385,Comedy,14
385,Action,12
385,Drama,9
385,Thriller,9
385,Adventure,8
386,Drama,125
386,Comedy,96
386,Adventure,72
386,Animation,70
386,Thriller,69
387,Action,133
387,Comedy,115
387,Adventure,108
387,Sci-Fi,93
387,Thriller,88
388,Drama,12
388,Thriller,9
388,Action,7
388,Sci-Fi,6
388,War,5
389,Comedy,134
389,Drama,113
389,Romance,97
389,Thriller,49
389,Crime,40
390,Drama,15
390,Comedy,12
390,Romance,10
390,Adventure,9
390,Thriller,9
391,Crime,12
391,Drama,11
391,Thriller,8
391,Comedy,7
391,Action,6
392,Drama,22
392,Fantasy,18
392,Adventure,13
392,Romance,12
392,Thriller,11
393,Comedy,28
393,Thriller,27
393,Drama,23
393,Action,21
393,Romance,16
394,Comedy,39
394,Action,30
394,Adventure,24
394,Thriller,24
394,Drama,16
395,Drama,16
395,Comedy,13
395,Action,5
395,Adventure,5
395,Thriller,5
396,Drama,29
396,Thriller,23
396,Action,19
396,Crime,16
396,Adventure,12
397,Drama,49
397,Comedy,19
397,Romance,12
397,Crime,11
397,Thriller,10
398,Action,13
398,Drama,9
398,Thriller,8
398,Crime,6
398,Romance,5
399,Drama,317
399,Thriller,167
399,Comedy,146
399,Crime,139
399,Action,105
400,Drama,12
400,Adventure,11
400,Action,8
400,Comedy,8
400,Fantasy,7
401,Drama,36
401,Thriller,28
401,Crime,23
401,Action,21
401,Comedy,11
402,Action,463
402,Thriller,341
402,Drama,312
402,Adventure,247
402,Comedy,234
403,Thriller,201
403,Action,170
403,Drama,152
403,Horror,143
403,Sci-Fi,122
404,Drama,13
404,Comedy,12
404,Romance,12
404,Action,6
404,Adventure,3
405,Drama,171
405,Thriller,108
405,Action,101
405,Adventure,86
405,Comedy,80
406,Drama,15
406,Comedy,11
406,Romance,8
406,Crime,6
406,Thriller,6
407,Drama,18
407,Crime,8
407,Thriller,8
407,Romance,6
407,Action,5
408,Drama,27
408,Thriller,27
408,Action,21
408,Comedy,19
408,Crime,16
409,Comedy,171
409,Drama,130
409,Adventure,123
409,Action,100
409,Fantasy,84
410,Comedy,309
410,Action,252
410,Drama,230
410,Adventure,196
410,Thriller,170
411,Thriller,19
411,Action,15
411,Adventure,14
411,Comedy,14
411,Drama,14
412,Drama,61
412,Action,35
412,Thriller,30
412,Adventure,28
412,Sci-Fi,27
413,Drama,463
413,Comedy,349
413,Thriller,316
413,Action,282
413,Adventure,214
414,Drama,39
414,Thriller,32
414,Action,29
414,Crime,22
414,Comedy,16
415,Drama,57
415,Thriller,49
415,Sci-Fi,35
415,Crime,33
415,Action,26
416,Comedy,24
416,Thriller,23
416,Action,19
416,Crime,13
416,Drama,12
417,Drama,28
417,Comedy,14
417,Romance,11
417,Adventure,6
417,Crime,5
418,Drama,47
418,Comedy,33
418,Adventure,29
418,Action,27
418,Sci-Fi,26
419,Drama,23
419,Adventure,21
419,Action,17
419,Sci-Fi,12
419,Comedy,11
420,Comedy,100
420,Drama,39
420,Romance,36
420,Adventure,13
420,Fantasy,10
421,Drama,41
421,Thriller,22
421,Romance,20
421,Comedy,18
421,Action,17
422,Drama,256
422,Comedy,184
422,Thriller,150
422,Action,127
422,Romance,120
423,Action,34
423,Thriller,33
423,Comedy,32
423,Adventure,27
423,Drama,25
424,Action,38
424,Comedy,36
424,Drama,36
424,Thriller,36
424,Crime,20
425,Drama,131
425,Action,100
425,Comedy,93
425,Thriller,86
425,Adventure,70
426,Drama,77
426,Thriller,56
426,Comedy,53
426,Crime,45
426,Mystery,36
427,Drama,28
427,Adventure,27
427,Action,26
427,Comedy,21
427,Sci-Fi,20
428,Action,429
428,Thriller,225
428,Adventure,188
428,Sci-Fi,156
428,Drama,132
429,Drama,38
429,Comedy,35
429,Thriller,24
429,Romance,19
429,Horror,17
430,Thriller,17
430,Drama,15
430,Adventure,14
430,Action,13
430,Comedy,12
431,Comedy,8
431,Thriller,8
431,Adventure,7
431,Action,6
431,Drama,6
432,Action,108
432,Drama,71
432,Adventure,69
432,Comedy,66
432,Thriller,63
433,Action,106
433,Adventure,68
433,Sci-Fi,68
433,Thriller,58
433,Fantasy,32
434,Drama,115
434,Comedy,43
434,Crime,40
434,Thriller,34
434,Action,28
435,Action,34
435,Thriller,26
435,Adventure,19
435,Drama,18
435,Comedy,17
436,Drama,68
436,Comedy,60
436,Romance,41
436,Thriller,31
436,Action,21
437,Drama,21
437,Thriller,18
437,Crime,15
437,Action,14
437,Mystery,8
438,Drama,81
438,Comedy,66
438,Thriller,58
438,Action,48
438,Crime,38
439,Thriller,15
439,Drama,14
439,Action,12
439,Adventure,11
439,Comedy,10
440,Comedy,69
440,Drama,64
440,Adventure,30
440,Romance,28
440,Action,25
441,Action,11
441,Drama,9
441,Sci-Fi,9
441,Adventure,8
441,Comedy,5
442,Drama,51
442,Romance,26
442,Comedy,22
442,Thriller,22
442,Action,12
443,Drama,175
443,Comedy,89
443,Adventure,79
443,Romance,73
443,Action,69
444,Comedy,67
444,Drama,53
444,Action,50
444,Thriller,43
444,Romance,31
445,Drama,37
445,Romance,21
445,Comedy,15
445,Thriller,11
445,Action,6
446,Thriller,32
446,Action,31
446,Comedy,31
446,Drama,28
446,Romance,23
447,Drama,25
447,Romance,16
447,Adventure,14
447,Comedy,13
447,Fantasy,11
448,Drama,74
448,Thriller,33
448,Action,28
448,Adventure,20
448,Comedy,20
449,Drama,46
449,Thriller,23
449,Action,21
449,Crime,20
449,Adventure,19
450,Drama,15
450,Action,9
450,Comedy,9
450,Thriller,7
450,Adventure,6
451,Comedy,434
451,Drama,403
451,Action,379
451,Thriller,311
451,Adventure,272
452,Comedy,10
452,Thriller,10
452,Action,7
452,Drama,7
452,Fantasy,6
453,Action,40
453,Comedy,39
453,Adventure,34
453,Sci-Fi,33
453,Thriller,26
454,Action,17
454,Thriller,16
454,Adventure,13
454,Crime,12
454,Comedy,11
455,Drama,46
455,Comedy,45
455,Romance,34
455,Action,22
455,Adventure,18
456,Action,34
456,Thriller,33
456,Comedy,27
456,Drama,23
456,Adventure,20
457,Drama,17
457,Action,10
457,Thriller,9
457,Adventure,7
457,Comedy,7
458,Drama,1107
458,Comedy,734
458,Thriller,600
458,Action,590
458,Crime,506
459,Drama,39
459,Thriller,34
459,Comedy,23
459,Action,21
459,Crime,19
460,Comedy,144
460,Action,138
460,Adventure,121
460,Drama,121
460,Romance,80
461,Action,444
461,Thriller,355
461,Sci-Fi,349
461,Comedy,323
461,Drama,306
462,Thriller,31
462,Action,28
462,Comedy,26
462,Adventure,15
462,Drama,13
463,Comedy,36
463,Drama,36
463,Adventure,24
463,Crime,22
463,Romance,21
464,Comedy,10
464,Drama,9
464,Romance,5
464,Action,4
464,Thriller,3
465,Comedy,28
465,Drama,25
465,Romance,16
465,Action,15
465,Adventure,14
466,Drama,31
466,Action,16
466,Thriller,15
466,Crime,14
466,Sci-Fi,12
467,Sci-Fi,16
467,Drama,15
467,Thriller,11
467,Action,8
467,Adventure,7
468,Comedy,12
468,Drama,10
468,Adventure,6
468,Action,5
468,Romance,4
469,Drama,173
469,Action,134
469,Thriller,102
469,Comedy,88
469,Adventure,75
470,Comedy,20
470,Drama,10
470,Romance,10
470,Crime,4
470,Action,3
471,Drama,116
471,Romance,85
471,Comedy,84
471,Children,57
471,Adventure,54
472,Comedy,13
472,Drama,13
472,Fantasy,12
472,Adventure,9
472,Sci-Fi,5
473,Action,40
473,Thriller,39
473,Comedy,31
473,Drama,29
473,Crime,23
474,Comedy,35
474,Drama,34
474,Romance,28
474,Adventure,19
474,Fantasy,19
475,Drama,586
475,Comedy,418
475,Action,390
475,Thriller,369
475,Crime,277
476,Drama,52
476,Thriller,31
476,Crime,30
476,Comedy,21
476,Action,18
477,Comedy,14
477,Drama,9
477,Romance,7
477,Adventure,4
477,Children,4
478,Comedy,25
478,Romance,24
478,Drama,21
478,Action,7
478,Thriller,7
479,Drama,45
479,Comedy,30
479,Romance,27
479,Adventure,9
479,Fantasy,9
480,Drama,162
480,Comedy,140
480,Romance,67
480,Adventure,50
480,Crime,47
481,Comedy,92
481,Drama,35
481,Romance,28
481,Action,14
481,Crime,12
482,Drama,25
482,Comedy,20
482,Thriller,18
482,Action,15
482,Adventure,12
483,Drama,15
483,Thriller,13
483,Action,12
483,Crime,11
483,IMAX,5
484,Comedy,196
484,Action,115
484,Drama,74
484,Adventure,66
484,Thriller,65
485,Comedy,201
485,Romance,105
485,Drama,95
485,Action,89
485,Adventure,68
486,Comedy,18
486,Drama,16
486,Romance,12
486,Action,6
486,Animation,6
487,Comedy,14
487,Action,7
487,Children,5
487,Romance,5
487,Crime,4
488,Comedy,14
488,Drama,13
488,Thriller,7
488,Action,6
488,Horror,5
489,Thriller,16
489,Action,15
489,Drama,14
489,Crime,11
489,Adventure,9
490,Drama,37
490,Comedy,28
490,Adventure,21
490,Thriller,21
490,Action,17
491,Action,13
491,Thriller,11
491,Adventure,10
491,Crime,10
491,Comedy,9
492,Drama,26
492,Action,23
492,Thriller,22
492,Comedy,21
492,Adventure,13
493,Drama,91
493,Comedy,80
493,Action,76
493,Adventure,67
493,Thriller,66
494,Romance,13
494,Comedy,12
494,Drama,11
494,Action,5
494,Fantasy,5
495,Comedy,90
495,Drama,90
495,Adventure,64
495,Action,62
495,Sci-Fi,48
496,Comedy,18
496,Drama,13
496,Sci-Fi,12
496,Adventure,11
496,Action,9
497,Adventure,11
497,Action,9
497,Drama,9
497,Comedy,8
497,Romance,6
498,Comedy,32
498,Action,25
498,Drama,24
498,Adventure,18
498,Thriller,17
499,Drama,89
499,Romance,47
499,Action,45
499,Thriller,42
499,Comedy,36
500,Comedy,11
500,Drama,11
500,Crime,8
500,Thriller,7
500,Adventure,5
501,Comedy,87
501,Drama,84
501,Animation,62
501,Adventure,60
501,Children,58
502,Comedy,15
502,Drama,9
502,Action,8
502,Romance,8
502,Adventure,5
503,Drama,19
503,Comedy,7
503,Thriller,7
503,Romance,6
503,Crime,4
504,Drama,45
504,Crime,20
504,Thriller,18
504,Action,11
504,Comedy,10
505,Drama,54
505,Romance,42
505,Thriller,32
505,Comedy,24
505,Action,18
506,Drama,70
506,Action,52
506,Thriller,52
506,Comedy,47
506,Adventure,40
507,Comedy,13
507,Adventure,12
507,Action,11
507,Drama,11
507,Thriller,10
508,Adventure,29
508,Sci-Fi,29
508,Action,26
508,Thriller,17
508,IMAX,16
509,Comedy,21
509,Drama,20
509,Romance,14
509,Action,8
509,Adventure,7
510,Comedy,33
510,Drama,28
510,Adventure,21
510,Thriller,17
510,Action,16
511,Comedy,41
511,Action,29
511,Drama,29
511,Adventure,23
511,Romance,21
512,Action,77
512,Drama,76
512,Thriller,68
512,Comedy,61
512,Adventure,44
513,Action,72
513,Thriller,52
513,Adventure,39
513,Sci-Fi,37
513,Drama,36
514,Comedy,9
514,Thriller,8
514,Action,7
514,Adventure,6
514,Romance,6
515,Adventure,22
515,Drama,22
515,Sci-Fi,15
515,Action,14
515,Comedy,14
516,Comedy,26
516,Drama,17
516,Adventure,16
516,Action,15
516,Romance,13
517,Comedy,8
517,Drama,7
517,Thriller,7
517,Action,6
517,Adventure,6
518,Action,44
518,Drama,37
518,Comedy,35
518,Adventure,31
518,Sci-Fi,27
519,Action,41
519,Thriller,41
519,Drama,33
519,Crime,28
519,Comedy,26
520,Drama,19
520,Action,18
520,Thriller,14
520,Adventure,13
520,Crime,7
521,Drama,68
521,Thriller,62
521,Action,61
521,Adventure,41
521,Comedy,41
522,Drama,36
522,Comedy,32
522,Action,24
522,Romance,23
522,Adventure,20
523,Thriller,11
523,Action,10
523,Drama,9
523,Adventure,7
523,Comedy,7
524,Action,88
524,Thriller,62
524,Drama,31
524,Adventure,30
524,Sci-Fi,27
525,Drama,43
525,Comedy,23
525,Action,11
525,Romance,11
525,Thriller,11
526,Action,16
526,Comedy,16
526,Thriller,12
526,Adventure,10
526,Drama,7
527,Action,26
527,Comedy,23
527,Drama,23
527,Adventure,19
527,Children,14
528,Drama,90
528,Comedy,78
528,Adventure,69
528,Action,62
528,Thriller,46
529,Action,33
529,Adventure,32
529,Sci-Fi,32
529,Comedy,16
529,Drama,12
530,Drama,260
530,Comedy,198
530,Thriller,142
530,Crime,102
530,Adventure,88
531,Comedy,85
531,Drama,65
531,Adventure,59
531,Action,41
531,Animation,36
532,Drama,100
532,Thriller,91
532,Action,88
532,Comedy,62
532,Sci-Fi,54
533,Comedy,21
533,Drama,9
533,Romance,9
533,Action,7
533,Adventure,3
534,Drama,51
534,Thriller,36
534,Crime,29
534,Comedy,26
534,Action,23
535,Action,58
535,Adventure,51
535,Sci-Fi,37
535,IMAX,35
535,Thriller,30
536,Thriller,16
536,Action,13
536,Drama,13
536,Adventure,12
536,Comedy,9
537,Drama,71
537,Action,36
537,Crime,30
537,Thriller,30
537,War,30
538,Comedy,15
538,Drama,13
538,Romance,10
538,Thriller,7
538,Horror,6
539,Comedy,26
539,Thriller,15
539,Action,13
539,Drama,12
539,Adventure,9
540,Action,14
540,Thriller,11
540,Adventure,10
540,Comedy,10
540,Drama,10
541,Action,132
541,Thriller,111
541,Drama,89
541,Sci-Fi,88
541,Adventure,77
542,Drama,165
542,Thriller,165
542,Comedy,115
542,Action,103
542,Horror,99
543,Drama,56
543,Comedy,38
543,Action,33
543,Thriller,31
543,Romance,21
544,Comedy,92
544,Drama,81
544,Action,71
544,Adventure,61
544,Thriller,40
545,Comedy,68
545,Action,48
545,Thriller,46
545,Drama,37
545,Adventure,26
546,Drama,92
546,Comedy,82
546,Thriller,48
546,Action,43
546,Romance,36
547,Comedy,66
547,Romance,24
547,Drama,14
547,Action,12
547,Adventure,10
548,Drama,26
548,Comedy,18
548,Romance,11
548,Adventure,7
548,Crime,7
549,Drama,61
549,Action,53
549,Thriller,53
549,Adventure,36
549,Crime,34
550,Drama,17
550,Crime,7
550,Thriller,7
550,Comedy,6
550,Romance,4
551,Adventure,17
551,Action,14
551,Comedy,12
551,Children,11
551,Drama,11
552,Comedy,16
552,Children,13
552,Adventure,12
552,Fantasy,9
552,Drama,7
553,Comedy,14
553,Drama,10
553,Crime,7
553,Thriller,5
553,Action,4
554,Comedy,100
554,Drama,57
554,Adventure,45
554,Action,37
554,Children,36
555,Drama,155
555,Comedy,129
555,Thriller,95
555,Action,90
555,Romance,78
556,Thriller,26
556,Action,24
556,Comedy,21
556,Drama,18
556,Adventure,15
557,Action,59
557,Thriller,47
557,Drama,46
557,Comedy,37
557,Sci-Fi,34
558,Drama,79
558,Comedy,55
558,Romance,42
558,Thriller,31
558,Action,27
559,Drama,14
559,Comedy,10
559,Adventure,9
559,Thriller,8
559,Action,7
560,Comedy,319
560,Action,251
560,Adventure,229
560,Drama,183
560,Thriller,176
561,Comedy,178
561,Action,157
561,Drama,136
561,Thriller,118
561,Sci-Fi,109
562,Action,46
562,Thriller,32
562,Adventure,30
562,Horror,26
562,Comedy,25
563,Drama,83
563,Comedy,45
563,Crime,27
563,Thriller,27
563,Romance,25
564,Thriller,36
564,Action,35
564,Comedy,33
564,Drama,32
564,Adventure,19
565,Action,20
565,Thriller,14
565,Drama,11
565,Sci-Fi,10
565,Comedy,8
566,Comedy,26
566,Drama,24
566,Romance,18
566,Thriller,12
566,Adventure,10
567,Comedy,331
567,Action,282
567,Drama,265
567,Thriller,193
567,Adventure,184
568,Drama,208
568,Comedy,127
568,Action,84
568,Romance,81
568,Adventure,69
569,Comedy,162
569,Drama,149
569,Thriller,105
569,Action,102
569,Crime,85
570,Comedy,13
570,Thriller,10
570,Action,9
570,Drama,8
570,Romance,6
571,Thriller,11
571,Action,10
571,Drama,10
571,Adventure,8
571,Romance,8
572,Comedy,24
572,Romance,15
572,Thriller,12
572,Drama,11
572,Action,9
573,Drama,25
573,Thriller,23
573,Comedy,17
573,Action,15
573,Adventure,13
574,Drama,102
574,Action,72
574,Thriller,72
574,Crime,56
574,Adventure,52
575,Drama,1545
575,Comedy,1063
575,Thriller,720
575,Romance,686
575,Action,590
576,Comedy,367
576,Drama,247
576,Action,185
576,Thriller,137
576,Crime,132
577,Action,57
577,Thriller,35
577,Comedy,33
577,Adventure,22
577,Crime,13
578,Drama,87
578,Comedy,77
578,Thriller,54
578,Action,43
578,Adventure,33
579,Drama,26
579,Thriller,21
579,Comedy,20
579,Action,14
579,Romance,12
580,Comedy,108
580,Action,69
580,Drama,62
580,Thriller,58
580,Adventure,48
581,Romance,51
581,Comedy,44
581,Drama,31
581,Action,30
581,Adventure,29
582,Sci-Fi,25
582,Action,20
582,Thriller,13
582,Adventure,9
582,Comedy,5
583,Action,201
583,Thriller,114
583,Adventure,101
583,Drama,75
583,Sci-Fi,61
584,Drama,182
584,Comedy,104
584,Romance,71
584,Thriller,30
584,Crime,29
585,Action,13
585,Thriller,13
585,Adventure,12
585,Comedy,11
585,Drama,9
586,Comedy,63
586,Drama,55
586,Adventure,53
586,Action,52
586,Thriller,33
587,Drama,21
587,Action,18
587,Thriller,16
587,Comedy,12
587,Romance,11
588,Comedy,95
588,Drama,94
588,Adventure,54
588,Romance,51
588,Action,38
589,Comedy,77
589,Drama,73
589,Action,51
589,Romance,47
589,Crime,37
590,Comedy,248
590,Action,243
590,Drama,172
590,Adventure,161
590,Sci-Fi,147
591,Action,44
591,Drama,43
591,Thriller,41
591,Crime,30
591,Adventure,27
592,Drama,40
592,Thriller,26
592,Action,20
592,Comedy,20
592,Crime,20
593,Drama,33
593,Thriller,25
593,Comedy,13
593,Crime,11
593,Action,8
594,Comedy,25
594,Adventure,17
594,Action,14
594,Romance,14
594,Thriller,14
595,Action,10
595,Adventure,10
595,Comedy,8
595,Thriller,7
595,Romance,6
596,Drama,35
596,Comedy,17
596,Romance,11
596,Crime,8
596,Action,5
597,Comedy,198
597,Drama,144
597,Adventure,97
597,Action,91
597,Thriller,91
598,Sci-Fi,23
598,Action,15
598,Thriller,15
598,Drama,13
598,Adventure,10
599,Action,242
599,Thriller,219
599,Drama,142
599,Sci-Fi,131
599,Horror,118
600,Drama,304
600,Comedy,180
600,Romance,133
600,Adventure,119
600,Action,78
601,Drama,172
601,Comedy,55
601,Romance,34
601,Crime,30
601,Thriller,26
602,Action,49
602,Sci-Fi,44
602,Drama,43
602,Adventure,41
602,Thriller,30
603,Drama,154
603,Comedy,77
603,Thriller,70
603,Romance,62
603,Crime,42
604,Action,31
604,Drama,24
604,Adventure,23
604,Sci-Fi,16
604,Thriller,13
605,Drama,249
605,Comedy,158
605,Romance,106
605,Thriller,62
605,Crime,48
606,Drama,82
606,Thriller,50
606,Action,49
606,Sci-Fi,46
606,Crime,28
607,Drama,455
607,Comedy,432
607,Thriller,262
607,Action,261
607,Adventure,220
608,Action,14
608,Thriller,9
608,Comedy,7
608,Crime,7
608,Adventure,5
609,Comedy,18
609,Drama,13
609,Romance,12
609,Adventure,9
609,Thriller,8
610,Drama,71
610,Action,52
610,Thriller,51
610,Crime,39
610,Adventure,33
611,Drama,99
611,Action,55
611,Thriller,51
611,Crime,42
611,Adventure,35
612,Sci-Fi,57
612,Action,28
612,Adventure,26
612,Thriller,23
612,Drama,18
613,Comedy,25
613,Drama,23
613,Thriller,19
613,Action,18
613,Romance,16
614,Action,113
614,Thriller,74
614,Adventure,69
614,Sci-Fi,59
614,Drama,43
615,Drama,236
615,Thriller,143
615,Action,122
615,Crime,100
615,Adventure,73
616,Drama,57
616,Comedy,56
616,Thriller,29
616,Crime,24
616,Action,23
617,Action,41
617,Drama,41
617,Adventure,32
617,Comedy,30
617,Thriller,28
618,Drama,10
618,Thriller,9
618,Action,8
618,Comedy,8
618,Romance,7
619,Drama,119
619,Thriller,75
619,Action,70
619,Crime,58
619,Comedy,39
620,Drama,48
620,Comedy,40
620,Thriller,38
620,Action,33
620,Romance,27
621,Comedy,16
621,Thriller,15
621,Action,14
621,Drama,12
621,Fantasy,10
622,Action,185
622,Adventure,117
622,Thriller,117
622,Drama,108
622,Comedy,100
623,Drama,41
623,Comedy,35
623,Romance,25
623,Adventure,9
623,Action,8
624,Comedy,14
624,Thriller,10
624,Drama,9
624,Children,7
624,Action,6
625,Action,65
625,Thriller,51
625,Drama,49
625,Adventure,45
625,Sci-Fi,38
626,Romance,39
626,Drama,35
626,Comedy,22
626,Action,16
626,Adventure,10
627,Drama,458
627,Action,426
627,Thriller,372
627,Comedy,360
627,Crime,270
628,Drama,88
628,Comedy,78
628,Action,58
628,Adventure,53
628,Thriller,44
629,Drama,15
629,Adventure,13
629,Children,13
629,Action,11
629,Comedy,11
630,Comedy,13
630,Thriller,11
630,Adventure,9
630,Crime,8
630,Drama,8
631,Drama,38
631,Crime,12
631,Comedy,11
631,Thriller,11
631,Romance,9
632,Drama,69
632,Comedy,67
632,Adventure,49
632,Fantasy,41
632,Children,37
633,Drama,67
633,Action,53
633,Adventure,51
633,Comedy,46
633,Thriller,36
634,Drama,40
634,Comedy,17
634,Mystery,14
634,Thriller,14
634,Adventure,12
635,Thriller,11
635,Drama,9
635,Comedy,8
635,Action,7
635,Mystery,7
636,Drama,58
636,Comedy,57
636,Romance,27
636,Adventure,19
636,Crime,16
637,Adventure,51
637,Action,50
637,Sci-Fi,47
637,Comedy,31
637,Thriller,26
638,Comedy,11
638,Drama,10
638,Action,8
638,Thriller,6
638,Adventure,4
639,Drama,24
639,Action,10
639,Crime,10
639,Romance,8
639,Thriller,8
640,Comedy,20
640,Drama,20
640,Romance,10
640,Thriller,9
640,Action,7
641,Action,40
641,Thriller,29
641,Sci-Fi,27
641,Drama,21
641,Crime,20
642,Comedy,81
642,Action,80
642,Drama,78
642,Thriller,57
642,Crime,49
643,Thriller,15
643,Drama,14
643,Comedy,12
643,Crime,12
643,Action,6
644,Comedy,35
644,Action,28
644,Drama,27
644,Thriller,24
644,Adventure,19
645,Drama,13
645,Adventure,5
645,Thriller,5
645,Action,4
645,Comedy,4
646,Drama,48
646,Action,43
646,Thriller,31
646,Adventure,27
646,Comedy,26
647,Action,47
647,Crime,42
647,Thriller,42
647,Drama,31
647,Comedy,30
648,Action,12
648,Comedy,12
648,Thriller,12
648,Adventure,10
648,Drama,10
649,Action,25
649,Comedy,20
649,Thriller,18
649,Adventure,17
649,Drama,16
650,Comedy,168
650,Children,116
650,Adventure,86
650,Drama,85
650,Romance,73
651,Comedy,37
651,Drama,32
651,Romance,13
651,Adventure,12
651,Fantasy,12
652,Drama,80
652,Romance,22
652,Comedy,20
652,Thriller,15
652,Crime,14
653,Thriller,10
653,Comedy,9
653,Action,8
653,Crime,7
653,Drama,6
654,Action,10
654,Thriller,10
654,Adventure,9
654,Comedy,7
654,Drama,7
655,Comedy,63
655,Drama,51
655,Adventure,41
655,Romance,32
655,Action,27
656,Comedy,51
656,Action,46
656,Thriller,39
656,Adventure,33
656,Drama,30
657,Comedy,39
657,Drama,33
657,Adventure,16
657,Sci-Fi,16
657,Children,14
658,Comedy,15
658,Drama,12
658,Action,7
658,Adventure,5
658,Horror,4
659,Drama,144
659,Action,96
659,Comedy,91
659,Thriller,89
659,Adventure,68
660,Drama,15
660,Thriller,6
660,Comedy,5
660,Romance,5
660,Crime,4
661,Drama,49
661,Comedy,36
661,Thriller,32
661,Action,26
661,Romance,21
662,Drama,80
662,Comedy,72
662,Romance,38
662,Thriller,36
662,Action,26
663,Drama,16
663,Thriller,11
663,Action,6
663,Comedy,6
663,Romance,6
664,Action,36
664,Adventure,30
664,Comedy,26
664,Sci-Fi,22
664,Thriller,22
665,Drama,128
665,Thriller,102
665,Action,73
665,Crime,61
665,Comedy,60
666,Drama,101
666,Comedy,83
666,Thriller,51
666,Crime,36
666,Action,34
667,Comedy,37
667,Drama,37
667,Romance,20
667,Thriller,17
667,Action,16
668,Drama,3329
668,Comedy,1528
668,Thriller,1491
668,Romance,1027
668,Crime,955
